sample_id,fasta,group,sig,molecule,ksize,scaled,num_hashes,is_aligned
MACA_24m_M_BM_60__unaligned__CCACCTAAGTCCAGGA,https://raw.githubusercontent.com/czbiohub/test-datasets/predictorthologs/testdata/diff-hash/fasta/MACA_24m_M_BM_60__unaligned__CCACCTAAGTCCAGGA__coding_reads_peptides.fasta,Mostly marrow unaligned,https://raw.githubusercontent.com/czbiohub/test-datasets/predictorthologs/testdata/diff-hash/sig/MACA_24m_M_BM_60__unaligned__CCACCTAAGTCCAGGA_molecule-dayhoff_ksize-45_log2sketchsize-14_trackabundance-true.sig,dayhoff,45,0,16384,unaligned
MACA_24m_M_BM_60__unaligned__AGTTGGTCAAATCCGT,https://raw.githubusercontent.com/czbiohub/test-datasets/predictorthologs/testdata/diff-hash/fasta/MACA_24m_M_BM_60__unaligned__AGTTGGTCAAATCCGT__coding_reads_peptides.fasta,Mostly marrow unaligned,https://raw.githubusercontent.com/czbiohub/test-datasets/predictorthologs/testdata/diff-hash/sig/MACA_24m_M_BM_60__unaligned__AGTTGGTCAAATCCGT_molecule-dayhoff_ksize-45_log2sketchsize-14_trackabundance-true.sig,dayhoff,45,0,16384,unaligned
10X_P1_14__unaligned__ACGGCCAAGCGTTGCC,https://raw.githubusercontent.com/czbiohub/test-datasets/predictorthologs/testdata/diff-hash/fasta/10X_P1_14__unaligned__ACGGCCAAGCGTTGCC__coding_reads_peptides.fasta,Mostly marrow unaligned,https://raw.githubusercontent.com/czbiohub/test-datasets/predictorthologs/testdata/diff-hash/sig/10X_P1_14__unaligned__ACGGCCAAGCGTTGCC_molecule-dayhoff_ksize-45_log2sketchsize-14_trackabundance-true.sig,dayhoff,45,0,16384,unaligned
MACA_24m_M_BM_58__unaligned__CTAGTGAGTCCAACTA,https://raw.githubusercontent.com/czbiohub/test-datasets/predictorthologs/testdata/diff-hash/fasta/MACA_24m_M_BM_58__unaligned__CTAGTGAGTCCAACTA__coding_reads_peptides.fasta,Mostly marrow unaligned,https://raw.githubusercontent.com/czbiohub/test-datasets/predictorthologs/testdata/diff-hash/sig/MACA_24m_M_BM_58__unaligned__CTAGTGAGTCCAACTA_molecule-dayhoff_ksize-45_log2sketchsize-14_trackabundance-true.sig,dayhoff,45,0,16384,unaligned
MACA_24m_M_SPLEEN_59__unaligned__GCGACCAGTCATCGGC,https://raw.githubusercontent.com/czbiohub/test-datasets/predictorthologs/testdata/diff-hash/fasta/MACA_24m_M_SPLEEN_59__unaligned__GCGACCAGTCATCGGC__coding_reads_peptides.fasta,Mostly marrow unaligned,https://raw.githubusercontent.com/czbiohub/test-datasets/predictorthologs/testdata/diff-hash/sig/MACA_24m_M_SPLEEN_59__unaligned__GCGACCAGTCATCGGC_molecule-dayhoff_ksize-45_log2sketchsize-14_trackabundance-true.sig,dayhoff,45,0,16384,unaligned
10X_P4_2__unaligned__GACGTTACACCCATGG,https://raw.githubusercontent.com/czbiohub/test-datasets/predictorthologs/testdata/diff-hash/fasta/10X_P4_2__unaligned__GACGTTACACCCATGG__coding_reads_peptides.fasta,Liver unaligned,https://raw.githubusercontent.com/czbiohub/test-datasets/predictorthologs/testdata/diff-hash/sig/10X_P4_2__unaligned__GACGTTACACCCATGG_molecule-dayhoff_ksize-45_log2sketchsize-14_trackabundance-true.sig,dayhoff,45,0,16384,unaligned
MACA_24m_M_HEPATOCYTES_58__unaligned__GCAGCCAAGTAGCGGT,https://raw.githubusercontent.com/czbiohub/test-datasets/predictorthologs/testdata/diff-hash/fasta/MACA_24m_M_HEPATOCYTES_58__unaligned__GCAGCCAAGTAGCGGT__coding_reads_peptides.fasta,Liver unaligned,https://raw.githubusercontent.com/czbiohub/test-datasets/predictorthologs/testdata/diff-hash/sig/MACA_24m_M_HEPATOCYTES_58__unaligned__GCAGCCAAGTAGCGGT_molecule-dayhoff_ksize-45_log2sketchsize-14_trackabundance-true.sig,dayhoff,45,0,16384,unaligned
MACA_21m_F_NPC_54__unaligned__CCCAGTTTCGTAGATC,https://raw.githubusercontent.com/czbiohub/test-datasets/predictorthologs/testdata/diff-hash/fasta/MACA_21m_F_NPC_54__unaligned__CCCAGTTTCGTAGATC__coding_reads_peptides.fasta,Liver unaligned,https://raw.githubusercontent.com/czbiohub/test-datasets/predictorthologs/testdata/diff-hash/sig/MACA_21m_F_NPC_54__unaligned__CCCAGTTTCGTAGATC_molecule-dayhoff_ksize-45_log2sketchsize-14_trackabundance-true.sig,dayhoff,45,0,16384,unaligned
10X_P4_2__unaligned__ATCGAGTCACCAGTTA,https://raw.githubusercontent.com/czbiohub/test-datasets/predictorthologs/testdata/diff-hash/fasta/10X_P4_2__unaligned__ATCGAGTCACCAGTTA__coding_reads_peptides.fasta,Liver unaligned,https://raw.githubusercontent.com/czbiohub/test-datasets/predictorthologs/testdata/diff-hash/sig/10X_P4_2__unaligned__ATCGAGTCACCAGTTA_molecule-dayhoff_ksize-45_log2sketchsize-14_trackabundance-true.sig,dayhoff,45,0,16384,unaligned
10X_P4_2__unaligned__ATCGAGTCACCAGTTA,https://raw.githubusercontent.com/czbiohub/test-datasets/predictorthologs/testdata/diff-hash/fasta/10X_P4_2__unaligned__ATCGAGTCACCAGTTA__coding_reads_peptides.fasta,Liver unaligned,https://raw.githubusercontent.com/czbiohub/test-datasets/predictorthologs/testdata/diff-hash/sig/10X_P4_2__unaligned__ATCGAGTCACCAGTTA_molecule-dayhoff_ksize-51_log2sketchsize-14_trackabundance-true.sig,dayhoff,51,0,16384,unaligned
10X_P4_2__unaligned__GACGTTACACCCATGG,https://raw.githubusercontent.com/czbiohub/test-datasets/predictorthologs/testdata/diff-hash/fasta/10X_P4_2__unaligned__GACGTTACACCCATGG__coding_reads_peptides.fasta,Liver unaligned,https://raw.githubusercontent.com/czbiohub/test-datasets/predictorthologs/testdata/diff-hash/sig/10X_P4_2__unaligned__GACGTTACACCCATGG_molecule-dayhoff_ksize-51_log2sketchsize-14_trackabundance-true.sig,dayhoff,51,0,16384,unaligned
10X_P5_0__unaligned__TCCACACCACATTTCT,https://raw.githubusercontent.com/czbiohub/test-datasets/predictorthologs/testdata/diff-hash/fasta/10X_P5_0__unaligned__TCCACACCACATTTCT__coding_reads_peptides.fasta,Liver unaligned,https://raw.githubusercontent.com/czbiohub/test-datasets/predictorthologs/testdata/diff-hash/sig/10X_P5_0__unaligned__TCCACACCACATTTCT_molecule-dayhoff_ksize-51_log2sketchsize-14_trackabundance-true.sig,dayhoff,51,0,16384,unaligned
MACA_24m_M_BM_60__unaligned__AGTTGGTCAAATCCGT,https://raw.githubusercontent.com/czbiohub/test-datasets/predictorthologs/testdata/diff-hash/fasta/MACA_24m_M_BM_60__unaligned__AGTTGGTCAAATCCGT__coding_reads_peptides.fasta,Mostly marrow unaligned,https://raw.githubusercontent.com/czbiohub/test-datasets/predictorthologs/testdata/diff-hash/sig/MACA_24m_M_BM_60__unaligned__AGTTGGTCAAATCCGT_molecule-dayhoff_ksize-51_log2sketchsize-14_trackabundance-true.sig,dayhoff,51,0,16384,unaligned
MACA_24m_M_HEPATOCYTES_58__unaligned__GCAGCCAAGTAGCGGT,https://raw.githubusercontent.com/czbiohub/test-datasets/predictorthologs/testdata/diff-hash/fasta/MACA_24m_M_HEPATOCYTES_58__unaligned__GCAGCCAAGTAGCGGT__coding_reads_peptides.fasta,Liver unaligned,https://raw.githubusercontent.com/czbiohub/test-datasets/predictorthologs/testdata/diff-hash/sig/MACA_24m_M_HEPATOCYTES_58__unaligned__GCAGCCAAGTAGCGGT_molecule-dayhoff_ksize-51_log2sketchsize-14_trackabundance-true.sig,dayhoff,51,0,16384,unaligned
10X_P1_14__unaligned__ACGGCCAAGCGTTGCC,https://raw.githubusercontent.com/czbiohub/test-datasets/predictorthologs/testdata/diff-hash/fasta/10X_P1_14__unaligned__ACGGCCAAGCGTTGCC__coding_reads_peptides.fasta,Mostly marrow unaligned,https://raw.githubusercontent.com/czbiohub/test-datasets/predictorthologs/testdata/diff-hash/sig/10X_P1_14__unaligned__ACGGCCAAGCGTTGCC_molecule-protein_ksize-45_log2sketchsize-14_trackabundance-true.sig,protein,45,0,16384,unaligned
10X_P4_2__unaligned__ATCGAGTCACCAGTTA,https://raw.githubusercontent.com/czbiohub/test-datasets/predictorthologs/testdata/diff-hash/fasta/10X_P4_2__unaligned__ATCGAGTCACCAGTTA__coding_reads_peptides.fasta,Liver unaligned,https://raw.githubusercontent.com/czbiohub/test-datasets/predictorthologs/testdata/diff-hash/sig/10X_P4_2__unaligned__ATCGAGTCACCAGTTA_molecule-protein_ksize-45_log2sketchsize-14_trackabundance-true.sig,protein,45,0,16384,unaligned
10X_P4_2__unaligned__GACGTTACACCCATGG,https://raw.githubusercontent.com/czbiohub/test-datasets/predictorthologs/testdata/diff-hash/fasta/10X_P4_2__unaligned__GACGTTACACCCATGG__coding_reads_peptides.fasta,Liver unaligned,https://raw.githubusercontent.com/czbiohub/test-datasets/predictorthologs/testdata/diff-hash/sig/10X_P4_2__unaligned__GACGTTACACCCATGG_molecule-protein_ksize-45_log2sketchsize-14_trackabundance-true.sig,protein,45,0,16384,unaligned
MACA_24m_M_BM_58__unaligned__CTAGTGAGTCCAACTA,https://raw.githubusercontent.com/czbiohub/test-datasets/predictorthologs/testdata/diff-hash/fasta/MACA_24m_M_BM_58__unaligned__CTAGTGAGTCCAACTA__coding_reads_peptides.fasta,Mostly marrow unaligned,https://raw.githubusercontent.com/czbiohub/test-datasets/predictorthologs/testdata/diff-hash/sig/MACA_24m_M_BM_58__unaligned__CTAGTGAGTCCAACTA_molecule-protein_ksize-45_log2sketchsize-14_trackabundance-true.sig,protein,45,0,16384,unaligned
MACA_24m_M_BM_60__unaligned__AGTTGGTCAAATCCGT,https://raw.githubusercontent.com/czbiohub/test-datasets/predictorthologs/testdata/diff-hash/fasta/MACA_24m_M_BM_60__unaligned__AGTTGGTCAAATCCGT__coding_reads_peptides.fasta,Mostly marrow unaligned,https://raw.githubusercontent.com/czbiohub/test-datasets/predictorthologs/testdata/diff-hash/sig/MACA_24m_M_BM_60__unaligned__AGTTGGTCAAATCCGT_molecule-protein_ksize-45_log2sketchsize-14_trackabundance-true.sig,protein,45,0,16384,unaligned
MACA_24m_M_BM_60__unaligned__CCACCTAAGTCCAGGA,https://raw.githubusercontent.com/czbiohub/test-datasets/predictorthologs/testdata/diff-hash/fasta/MACA_24m_M_BM_60__unaligned__CCACCTAAGTCCAGGA__coding_reads_peptides.fasta,Mostly marrow unaligned,https://raw.githubusercontent.com/czbiohub/test-datasets/predictorthologs/testdata/diff-hash/sig/MACA_24m_M_BM_60__unaligned__CCACCTAAGTCCAGGA_molecule-protein_ksize-45_log2sketchsize-14_trackabundance-true.sig,protein,45,0,16384,unaligned
MACA_24m_M_HEPATOCYTES_58__unaligned__GCAGCCAAGTAGCGGT,https://raw.githubusercontent.com/czbiohub/test-datasets/predictorthologs/testdata/diff-hash/fasta/MACA_24m_M_HEPATOCYTES_58__unaligned__GCAGCCAAGTAGCGGT__coding_reads_peptides.fasta,Liver unaligned,https://raw.githubusercontent.com/czbiohub/test-datasets/predictorthologs/testdata/diff-hash/sig/MACA_24m_M_HEPATOCYTES_58__unaligned__GCAGCCAAGTAGCGGT_molecule-protein_ksize-45_log2sketchsize-14_trackabundance-true.sig,protein,45,0,16384,unaligned
10X_P4_2__unaligned__ATCGAGTCACCAGTTA,https://raw.githubusercontent.com/czbiohub/test-datasets/predictorthologs/testdata/diff-hash/fasta/10X_P4_2__unaligned__ATCGAGTCACCAGTTA__coding_reads_peptides.fasta,Liver unaligned,https://raw.githubusercontent.com/czbiohub/test-datasets/predictorthologs/testdata/diff-hash/sig/10X_P4_2__unaligned__ATCGAGTCACCAGTTA_molecule-protein_ksize-51_log2sketchsize-14_trackabundance-true.sig,protein,51,0,16384,unaligned
10X_P4_2__unaligned__GACGTTACACCCATGG,https://raw.githubusercontent.com/czbiohub/test-datasets/predictorthologs/testdata/diff-hash/fasta/10X_P4_2__unaligned__GACGTTACACCCATGG__coding_reads_peptides.fasta,Liver unaligned,https://raw.githubusercontent.com/czbiohub/test-datasets/predictorthologs/testdata/diff-hash/sig/10X_P4_2__unaligned__GACGTTACACCCATGG_molecule-protein_ksize-51_log2sketchsize-14_trackabundance-true.sig,protein,51,0,16384,unaligned
MACA_24m_M_BM_58__unaligned__CTAGTGAGTCCAACTA,https://raw.githubusercontent.com/czbiohub/test-datasets/predictorthologs/testdata/diff-hash/fasta/MACA_24m_M_BM_58__unaligned__CTAGTGAGTCCAACTA__coding_reads_peptides.fasta,Mostly marrow unaligned,https://raw.githubusercontent.com/czbiohub/test-datasets/predictorthologs/testdata/diff-hash/sig/MACA_24m_M_BM_58__unaligned__CTAGTGAGTCCAACTA_molecule-protein_ksize-51_log2sketchsize-14_trackabundance-true.sig,protein,51,0,16384,unaligned
MACA_24m_M_BM_60__unaligned__AGTTGGTCAAATCCGT,https://raw.githubusercontent.com/czbiohub/test-datasets/predictorthologs/testdata/diff-hash/fasta/MACA_24m_M_BM_60__unaligned__AGTTGGTCAAATCCGT__coding_reads_peptides.fasta,Mostly marrow unaligned,https://raw.githubusercontent.com/czbiohub/test-datasets/predictorthologs/testdata/diff-hash/sig/MACA_24m_M_BM_60__unaligned__AGTTGGTCAAATCCGT_molecule-protein_ksize-51_log2sketchsize-14_trackabundance-true.sig,protein,51,0,16384,unaligned
MACA_24m_M_HEPATOCYTES_58__unaligned__GCAGCCAAGTAGCGGT,https://raw.githubusercontent.com/czbiohub/test-datasets/predictorthologs/testdata/diff-hash/fasta/MACA_24m_M_HEPATOCYTES_58__unaligned__GCAGCCAAGTAGCGGT__coding_reads_peptides.fasta,Liver unaligned,https://raw.githubusercontent.com/czbiohub/test-datasets/predictorthologs/testdata/diff-hash/sig/MACA_24m_M_HEPATOCYTES_58__unaligned__GCAGCCAAGTAGCGGT_molecule-protein_ksize-51_log2sketchsize-14_trackabundance-true.sig,protein,51,0,16384,unaligned