bam,fasta,group,is_aligned,sample_id,sig
/mnt/data_sm/olga/tabula-microcebus/analyses/kmermaid/tenx-tgz--tabula-muris-senis--lung/10x-bams/10X_P1_14__possorted_genome_bam.bam,https://raw.githubusercontent.com/czbiohub/test-datasets/olgabot/predictorthologs--orthology-featurecounts/testdata/diff-hash/fasta/10X_P1_14__unaligned__GACTAACAGCATGGCA__coding_reads_peptides.fasta,monocyte,unaligned,10X_P1_14__unaligned__GACTAACAGCATGGCA,https://raw.githubusercontent.com/czbiohub/test-datasets/olgabot/predictorthologs--orthology-featurecounts/testdata/diff-hash/sig/10X_P1_14__unaligned__GACTAACAGCATGGCA_molecule-dayhoff_ksize-45_log2sketchsize-14_trackabundance-true.sig
/mnt/data_sm/olga/tabula-microcebus/analyses/kmermaid/tenx-tgz--tabula-muris-senis--lung/10x-bams/10X_P1_14__possorted_genome_bam.bam,https://raw.githubusercontent.com/czbiohub/test-datasets/olgabot/predictorthologs--orthology-featurecounts/testdata/diff-hash/fasta/10X_P1_14__aligned__GACTAACAGCATGGCA__coding_reads_peptides.fasta,monocyte,aligned,10X_P1_14__aligned__GACTAACAGCATGGCA,https://raw.githubusercontent.com/czbiohub/test-datasets/olgabot/predictorthologs--orthology-featurecounts/testdata/diff-hash/sig/10X_P1_14__aligned__GACTAACAGCATGGCA_molecule-dayhoff_ksize-45_log2sketchsize-14_trackabundance-true.sig
/mnt/data_sm/olga/tabula-microcebus/analyses/kmermaid/tenx-tgz--tabula-muris-senis--lung/10x-bams/10X_P1_14__possorted_genome_bam.bam,https://raw.githubusercontent.com/czbiohub/test-datasets/olgabot/predictorthologs--orthology-featurecounts/testdata/diff-hash/fasta/10X_P1_14__aligned__AACTGGTAGGTTCCTA__coding_reads_peptides.fasta,monocyte,aligned,10X_P1_14__aligned__AACTGGTAGGTTCCTA,https://raw.githubusercontent.com/czbiohub/test-datasets/olgabot/predictorthologs--orthology-featurecounts/testdata/diff-hash/sig/10X_P1_14__aligned__AACTGGTAGGTTCCTA_molecule-dayhoff_ksize-45_log2sketchsize-14_trackabundance-true.sig
/mnt/data_sm/olga/tabula-microcebus/analyses/kmermaid/tenx-tgz--tabula-muris-senis--lung/10x-bams/10X_P1_14__possorted_genome_bam.bam,https://raw.githubusercontent.com/czbiohub/test-datasets/olgabot/predictorthologs--orthology-featurecounts/testdata/diff-hash/fasta/10X_P1_14__unaligned__AACTGGTAGGTTCCTA__coding_reads_peptides.fasta,monocyte,unaligned,10X_P1_14__unaligned__AACTGGTAGGTTCCTA,https://raw.githubusercontent.com/czbiohub/test-datasets/olgabot/predictorthologs--orthology-featurecounts/testdata/diff-hash/sig/10X_P1_14__unaligned__AACTGGTAGGTTCCTA_molecule-dayhoff_ksize-45_log2sketchsize-14_trackabundance-true.sig
/mnt/data_sm/olga/tabula-microcebus/analyses/kmermaid/tenx-tgz--tabula-muris-senis--lung/10x-bams/10X_P1_14__possorted_genome_bam.bam,https://raw.githubusercontent.com/czbiohub/test-datasets/olgabot/predictorthologs--orthology-featurecounts/testdata/diff-hash/fasta/10X_P1_14__aligned__CTAATGGCAGCATACT__coding_reads_peptides.fasta,monocyte,aligned,10X_P1_14__aligned__CTAATGGCAGCATACT,https://raw.githubusercontent.com/czbiohub/test-datasets/olgabot/predictorthologs--orthology-featurecounts/testdata/diff-hash/sig/10X_P1_14__aligned__CTAATGGCAGCATACT_molecule-dayhoff_ksize-45_log2sketchsize-14_trackabundance-true.sig
/mnt/data_sm/olga/tabula-microcebus/analyses/kmermaid/tenx-tgz--tabula-muris-senis--lung/10x-bams/10X_P1_14__possorted_genome_bam.bam,https://raw.githubusercontent.com/czbiohub/test-datasets/olgabot/predictorthologs--orthology-featurecounts/testdata/diff-hash/fasta/10X_P1_14__unaligned__CTAATGGCAGCATACT__coding_reads_peptides.fasta,monocyte,unaligned,10X_P1_14__unaligned__CTAATGGCAGCATACT,https://raw.githubusercontent.com/czbiohub/test-datasets/olgabot/predictorthologs--orthology-featurecounts/testdata/diff-hash/sig/10X_P1_14__unaligned__CTAATGGCAGCATACT_molecule-dayhoff_ksize-45_log2sketchsize-14_trackabundance-true.sig
/mnt/data_sm/olga/tabula-microcebus/analyses/kmermaid/tenx-tgz--tabula-muris-senis--lung/10x-bams/10X_P1_14__possorted_genome_bam.bam,https://raw.githubusercontent.com/czbiohub/test-datasets/olgabot/predictorthologs--orthology-featurecounts/testdata/diff-hash/fasta/10X_P1_14__unaligned__ACACCCTGTAGCGTGA__coding_reads_peptides.fasta,monocyte,unaligned,10X_P1_14__unaligned__ACACCCTGTAGCGTGA,https://raw.githubusercontent.com/czbiohub/test-datasets/olgabot/predictorthologs--orthology-featurecounts/testdata/diff-hash/sig/10X_P1_14__unaligned__ACACCCTGTAGCGTGA_molecule-dayhoff_ksize-45_log2sketchsize-14_trackabundance-true.sig
/mnt/data_sm/olga/tabula-microcebus/analyses/kmermaid/tenx-tgz--tabula-muris-senis--lung/10x-bams/10X_P1_14__possorted_genome_bam.bam,https://raw.githubusercontent.com/czbiohub/test-datasets/olgabot/predictorthologs--orthology-featurecounts/testdata/diff-hash/fasta/10X_P1_14__aligned__ACACCCTGTAGCGTGA__coding_reads_peptides.fasta,monocyte,aligned,10X_P1_14__aligned__ACACCCTGTAGCGTGA,https://raw.githubusercontent.com/czbiohub/test-datasets/olgabot/predictorthologs--orthology-featurecounts/testdata/diff-hash/sig/10X_P1_14__aligned__ACACCCTGTAGCGTGA_molecule-dayhoff_ksize-45_log2sketchsize-14_trackabundance-true.sig
/mnt/data_sm/olga/tabula-microcebus/analyses/kmermaid/tenx-tgz--tabula-muris-senis--lung/10x-bams/MACA_18m_M_LUNG_53__possorted_genome_bam.bam,https://raw.githubusercontent.com/czbiohub/test-datasets/olgabot/predictorthologs--orthology-featurecounts/testdata/diff-hash/fasta/MACA_18m_M_LUNG_53__unaligned__TAAGTGCAGTGTCCCG__coding_reads_peptides.fasta,monocyte,unaligned,MACA_18m_M_LUNG_53__unaligned__TAAGTGCAGTGTCCCG,https://raw.githubusercontent.com/czbiohub/test-datasets/olgabot/predictorthologs--orthology-featurecounts/testdata/diff-hash/sig/MACA_18m_M_LUNG_53__unaligned__TAAGTGCAGTGTCCCG_molecule-dayhoff_ksize-45_log2sketchsize-14_trackabundance-true.sig
/mnt/data_sm/olga/tabula-microcebus/analyses/kmermaid/tenx-tgz--tabula-muris-senis--lung/10x-bams/MACA_18m_M_LUNG_53__possorted_genome_bam.bam,https://raw.githubusercontent.com/czbiohub/test-datasets/olgabot/predictorthologs--orthology-featurecounts/testdata/diff-hash/fasta/MACA_18m_M_LUNG_53__aligned__TAAGTGCAGTGTCCCG__coding_reads_peptides.fasta,monocyte,aligned,MACA_18m_M_LUNG_53__aligned__TAAGTGCAGTGTCCCG,https://raw.githubusercontent.com/czbiohub/test-datasets/olgabot/predictorthologs--orthology-featurecounts/testdata/diff-hash/sig/MACA_18m_M_LUNG_53__aligned__TAAGTGCAGTGTCCCG_molecule-dayhoff_ksize-45_log2sketchsize-14_trackabundance-true.sig
/mnt/data_sm/olga/tabula-microcebus/analyses/kmermaid/tenx-tgz--tabula-muris-senis/10x-bams/MACA_24m_M_BM_60__possorted_genome_bam.bam,https://raw.githubusercontent.com/czbiohub/test-datasets/predictorthologs/testdata/diff-hash/fasta/MACA_24m_M_BM_60__unaligned__CCACCTAAGTCCAGGA__coding_reads_peptides.fasta,Mostly marrow unaligned,unaligned,MACA_24m_M_BM_60__unaligned__CCACCTAAGTCCAGGA,https://raw.githubusercontent.com/czbiohub/test-datasets/predictorthologs/testdata/diff-hash/sig/MACA_24m_M_BM_60__unaligned__CCACCTAAGTCCAGGA_molecule-dayhoff_ksize-45_log2sketchsize-14_trackabundance-true.sig
/mnt/data_sm/olga/tabula-microcebus/analyses/kmermaid/tenx-tgz--tabula-muris-senis/10x-bams/MACA_24m_M_BM_60__possorted_genome_bam.bam,https://raw.githubusercontent.com/czbiohub/test-datasets/predictorthologs/testdata/diff-hash/fasta/MACA_24m_M_BM_60__unaligned__AGTTGGTCAAATCCGT__coding_reads_peptides.fasta,Mostly marrow unaligned,unaligned,MACA_24m_M_BM_60__unaligned__AGTTGGTCAAATCCGT,https://raw.githubusercontent.com/czbiohub/test-datasets/predictorthologs/testdata/diff-hash/sig/MACA_24m_M_BM_60__unaligned__AGTTGGTCAAATCCGT_molecule-dayhoff_ksize-45_log2sketchsize-14_trackabundance-true.sig
/mnt/data_sm/olga/tabula-microcebus/analyses/kmermaid/tenx-tgz--tabula-muris-senis/10x-bams/10X_P1_14__possorted_genome_bam.bam,https://raw.githubusercontent.com/czbiohub/test-datasets/predictorthologs/testdata/diff-hash/fasta/10X_P1_14__unaligned__ACGGCCAAGCGTTGCC__coding_reads_peptides.fasta,Mostly marrow unaligned,unaligned,10X_P1_14__unaligned__ACGGCCAAGCGTTGCC,https://raw.githubusercontent.com/czbiohub/test-datasets/predictorthologs/testdata/diff-hash/sig/10X_P1_14__unaligned__ACGGCCAAGCGTTGCC_molecule-dayhoff_ksize-45_log2sketchsize-14_trackabundance-true.sig
/mnt/data_sm/olga/tabula-microcebus/analyses/kmermaid/tenx-tgz--tabula-muris-senis/10x-bams/MACA_24m_M_BM_58__possorted_genome_bam.bam,https://raw.githubusercontent.com/czbiohub/test-datasets/predictorthologs/testdata/diff-hash/fasta/MACA_24m_M_BM_58__unaligned__CTAGTGAGTCCAACTA__coding_reads_peptides.fasta,Mostly marrow unaligned,unaligned,MACA_24m_M_BM_58__unaligned__CTAGTGAGTCCAACTA,https://raw.githubusercontent.com/czbiohub/test-datasets/predictorthologs/testdata/diff-hash/sig/MACA_24m_M_BM_58__unaligned__CTAGTGAGTCCAACTA_molecule-dayhoff_ksize-45_log2sketchsize-14_trackabundance-true.sig
/mnt/data_sm/olga/tabula-microcebus/analyses/kmermaid/tenx-tgz--tabula-muris-senis/10x-bams/MACA_24m_M_SPLEEN_59__possorted_genome_bam.bam,https://raw.githubusercontent.com/czbiohub/test-datasets/predictorthologs/testdata/diff-hash/fasta/MACA_24m_M_SPLEEN_59__unaligned__GCGACCAGTCATCGGC__coding_reads_peptides.fasta,Mostly marrow unaligned,unaligned,MACA_24m_M_SPLEEN_59__unaligned__GCGACCAGTCATCGGC,https://raw.githubusercontent.com/czbiohub/test-datasets/predictorthologs/testdata/diff-hash/sig/MACA_24m_M_SPLEEN_59__unaligned__GCGACCAGTCATCGGC_molecule-dayhoff_ksize-45_log2sketchsize-14_trackabundance-true.sig
/mnt/data_sm/olga/tabula-microcebus/analyses/kmermaid/tenx-tgz--tabula-muris-senis/10x-bams/10X_P4_2__possorted_genome_bam.bam,https://raw.githubusercontent.com/czbiohub/test-datasets/predictorthologs/testdata/diff-hash/fasta/10X_P4_2__unaligned__GACGTTACACCCATGG__coding_reads_peptides.fasta,Liver unaligned,unaligned,10X_P4_2__unaligned__GACGTTACACCCATGG,https://raw.githubusercontent.com/czbiohub/test-datasets/predictorthologs/testdata/diff-hash/sig/10X_P4_2__unaligned__GACGTTACACCCATGG_molecule-dayhoff_ksize-45_log2sketchsize-14_trackabundance-true.sig
/mnt/data_sm/olga/tabula-microcebus/analyses/kmermaid/tenx-tgz--tabula-muris-senis/10x-bams/MACA_24m_M_HEPATOCYTES_58__possorted_genome_bam.bam,https://raw.githubusercontent.com/czbiohub/test-datasets/predictorthologs/testdata/diff-hash/fasta/MACA_24m_M_HEPATOCYTES_58__unaligned__GCAGCCAAGTAGCGGT__coding_reads_peptides.fasta,Liver unaligned,unaligned,MACA_24m_M_HEPATOCYTES_58__unaligned__GCAGCCAAGTAGCGGT,https://raw.githubusercontent.com/czbiohub/test-datasets/predictorthologs/testdata/diff-hash/sig/MACA_24m_M_HEPATOCYTES_58__unaligned__GCAGCCAAGTAGCGGT_molecule-dayhoff_ksize-45_log2sketchsize-14_trackabundance-true.sig
/mnt/data_sm/olga/tabula-microcebus/analyses/kmermaid/tenx-tgz--tabula-muris-senis/10x-bams/MACA_21m_F_NPC_54__possorted_genome_bam.bam,https://raw.githubusercontent.com/czbiohub/test-datasets/predictorthologs/testdata/diff-hash/fasta/MACA_21m_F_NPC_54__unaligned__CCCAGTTTCGTAGATC__coding_reads_peptides.fasta,Liver unaligned,unaligned,MACA_21m_F_NPC_54__unaligned__CCCAGTTTCGTAGATC,https://raw.githubusercontent.com/czbiohub/test-datasets/predictorthologs/testdata/diff-hash/sig/MACA_21m_F_NPC_54__unaligned__CCCAGTTTCGTAGATC_molecule-dayhoff_ksize-45_log2sketchsize-14_trackabundance-true.sig
/mnt/data_sm/olga/tabula-microcebus/analyses/kmermaid/tenx-tgz--tabula-muris-senis/10x-bams/10X_P4_2__possorted_genome_bam.bam,https://raw.githubusercontent.com/czbiohub/test-datasets/predictorthologs/testdata/diff-hash/fasta/10X_P4_2__unaligned__ATCGAGTCACCAGTTA__coding_reads_peptides.fasta,Liver unaligned,unaligned,10X_P4_2__unaligned__ATCGAGTCACCAGTTA,https://raw.githubusercontent.com/czbiohub/test-datasets/predictorthologs/testdata/diff-hash/sig/10X_P4_2__unaligned__ATCGAGTCACCAGTTA_molecule-dayhoff_ksize-45_log2sketchsize-14_trackabundance-true.sig
/mnt/data_sm/olga/tabula-microcebus/analyses/kmermaid/tenx-tgz--tabula-muris-senis/10x-bams/10X_P5_0__possorted_genome_bam.bam,https://raw.githubusercontent.com/czbiohub/test-datasets/predictorthologs/testdata/diff-hash/fasta/10X_P5_0__unaligned__TCCACACCACATTTCT__coding_reads_peptides.fasta,Liver unaligned,unaligned,10X_P5_0__unaligned__TCCACACCACATTTCT,https://raw.githubusercontent.com/czbiohub/test-datasets/predictorthologs/testdata/diff-hash/sig/10X_P5_0__unaligned__TCCACACCACATTTCT_molecule-dayhoff_ksize-45_log2sketchsize-14_trackabundance-true.sig
